Abortion																									
Abuse																									
Addiction																									
Adoption																									
Adults																									
Advocates																									
Alzheimer's - Dementia																									
Animal Assisted Therapy																									
Arts																									
Baby Essentials																									
Bathing Services																									
Bible Study																									
Bicycles																									
Blind and Visually Impaired																									
Blood Drive																									
Business																									
Cancer																									
Car Care																									
Careers																									
Chatbot																									
Child Care																									
Chiropractic																									
Christmas																									
Cleaning Services																									
Clothing																									
Coaches																									
College/University																									
Community																									
Conference																									
Consultant																									
Crisis																									
Day Care																									
Dental																									
Depression																									
Disabilities																									
Disaster Assistance																									
Divorce Care																									
Domestic Violence																									
Education																									
Emergency Response																									
English																									
Environment																									
Evangelism																									
Family																									
Family Care																									
Film																									
Finance																									
First Responders																									
Food																									
Food Pantry																									
Foot Care																									
Foster Care																									
Funeral/Burial																									
Furniture																									
Garden																									
Gifting																									
Grief																									
Growth																									
Haircut																									
Hearing Impaired																									
High School																									
Hispanic																									
Hobbies																									
Home Repairs																									
Homeless																									
Homeschool																									
Host Families																									
Housing																									
Human Trafficking																									
Immigration																									
In-House Care																									
Income Tax																									
Integrity																									
Jobs																									
Justice																									
Juvenile Detention Centers																									
Laundromat Service																									
Law Enforcement																									
Leadership																									
Legal																									
Library																									
Mail																									
Marriage																									
Married Couples																									
Meals																									
Media																									
Medical																									
Men																									
Men's Health																									
Mental Health																									
Mentors																									
Middle School																									
Military																									
Miscarriage																									
Missions																									
Mixed-Use Developments																									
Mobile Services																									
Money																									
Motorcycle																									
Multicultural																									
Music																									
Native American																									
Oppressed																									
Orphans																									
Parent																									
Personal Development																									
Pets																									
Physical Illness																									
Podcast																									
Poor																									
Post Abortion																									
Post Incarceration																									
Prayer																									
Pregnancy Services																									
Prison																									
Professionals																									
Radio																									
Reconciliation																									
Recovery																									
Recycle																									
Redemption																									
Refugee																									
Relationships																									
Respite Care																									
Restoration																									
Retreat																									
School Supplies																									
Security																									
Senior Citizens																									
Sexual Abuse																									
Shawl/Blanket																									
Shelter																									
Singles																									
Special Needs																									
Sponsorship																									
Sports																									
Suicide Loss																									
Summer Camp																									
Support Group																									
Teens																									
Thrift Store																									
title																									
Training																									
Transportation																									
Truckers																									
Tutor Services																									
Utility Assistance																									
Vehicle																									
Veterans																									
Victims																									
Vision Care																									
Vulnerable																									
Water Supply																									
Widow																									
Women																									
Women's Health																									
Young Adults																									
Youth																									
Youth Center																									